{"ambient.underwater.enter":{"sounds":[{"name":"ambient\/underwater\/enter1","volume":0.025},{"name":"ambient\/underwater\/enter2","volume":0.025},{"name":"ambient\/underwater\/enter3","volume":0.025}],"replace":true},"ambient.underwater.exit":{"sounds":[{"name":"ambient\/underwater\/exit1","volume":0.015},{"name":"ambient\/underwater\/exit2","volume":0.015},{"name":"ambient\/underwater\/exit3","volume":0.015}],"replace":true},"ambient.underwater.loop":{"sounds":[{"name":"ambient\/underwater\/underwater_ambience","stream":true,"volume":0.0325}],"replace":true},"ambient.underwater.loop.additions":{"sounds":[{"name":"ambient\/underwater\/additions\/bubbles1","volume":0.05},{"name":"ambient\/underwater\/additions\/bubbles2","volume":0.05},{"name":"ambient\/underwater\/additions\/bubbles3","volume":0.05},{"name":"ambient\/underwater\/additions\/bubbles4","volume":0.05},{"name":"ambient\/underwater\/additions\/bubbles5","volume":0.05},{"name":"ambient\/underwater\/additions\/bubbles6","volume":0.05},{"name":"ambient\/underwater\/additions\/water1","volume":0.05},{"name":"ambient\/underwater\/additions\/water2","volume":0.05}],"replace":true},"ambient.underwater.loop.additions.rare":{"sounds":[{"name":"ambient\/underwater\/additions\/animal1","volume":0.0225},{"name":"ambient\/underwater\/additions\/bass_whale1","volume":0.0225},{"name":"ambient\/underwater\/additions\/bass_whale2","volume":0.025},{"name":"ambient\/underwater\/additions\/crackles1","volume":0.035},{"name":"ambient\/underwater\/additions\/crackles2","volume":0.05},{"name":"ambient\/underwater\/additions\/driplets1","volume":0.025},{"name":"ambient\/underwater\/additions\/driplets2","volume":0.025},{"name":"ambient\/underwater\/additions\/earth_crack","volume":0.05}],"replace":true},"ambient.underwater.loop.additions.ultra_rare":{"sounds":[{"name":"ambient\/underwater\/additions\/animal2","volume":0.05},{"name":"ambient\/underwater\/additions\/dark1","volume":0.05},{"name":"ambient\/underwater\/additions\/dark2","volume":0.035},{"name":"ambient\/underwater\/additions\/dark3","volume":0.05},{"name":"ambient\/underwater\/additions\/dark4","volume":0.05}],"replace":true},"block.pointed_dripstone.drip_water":{"sounds":[{"name":"block\/pointed_dripstone\/drip_water1","volume":0.05},{"name":"block\/pointed_dripstone\/drip_water2","volume":0.05},{"name":"block\/pointed_dripstone\/drip_water3","volume":0.05},{"name":"block\/pointed_dripstone\/drip_water4","volume":0.05},{"name":"block\/pointed_dripstone\/drip_water5","volume":0.05},{"name":"block\/pointed_dripstone\/drip_water6","volume":0.05},{"name":"block\/pointed_dripstone\/drip_water7","volume":0.05},{"name":"block\/pointed_dripstone\/drip_water8","volume":0.05},{"name":"block\/pointed_dripstone\/drip_water9","volume":0.05},{"name":"block\/pointed_dripstone\/drip_water10","volume":0.05},{"name":"block\/pointed_dripstone\/drip_water11","volume":0.05},{"name":"block\/pointed_dripstone\/drip_water12","volume":0.05},{"name":"block\/pointed_dripstone\/drip_water13","volume":0.05},{"name":"block\/pointed_dripstone\/drip_water14","volume":0.05},{"name":"block\/pointed_dripstone\/drip_water15","volume":0.05}],"replace":true,"subtitle":"subtitles.block.pointed_dripstone.drip_water"},"block.pointed_dripstone.drip_water_into_cauldron":{"sounds":[{"name":"block\/pointed_dripstone\/drip_water_cauldron1","volume":0.05},{"name":"block\/pointed_dripstone\/drip_water_cauldron2","volume":0.05},{"name":"block\/pointed_dripstone\/drip_water_cauldron3","volume":0.05},{"name":"block\/pointed_dripstone\/drip_water_cauldron4","volume":0.05},{"name":"block\/pointed_dripstone\/drip_water_cauldron5","volume":0.05},{"name":"block\/pointed_dripstone\/drip_water_cauldron6","volume":0.05},{"name":"block\/pointed_dripstone\/drip_water_cauldron7","volume":0.05},{"name":"block\/pointed_dripstone\/drip_water_cauldron8","volume":0.05}],"replace":true,"subtitle":"subtitles.block.pointed_dripstone.drip_water_into_cauldron"},"block.water.ambient":{"sounds":[{"name":"liquid\/water","volume":0.05}],"replace":true,"subtitle":"subtitles.block.water.ambient"},"entity.player.swim":{"sounds":[{"name":"liquid\/swim5","volume":0.05},{"name":"liquid\/swim6","volume":0.05},{"name":"liquid\/swim7","volume":0.05},{"name":"liquid\/swim8","volume":0.05},{"name":"liquid\/swim9","volume":0.05},{"name":"liquid\/swim10","volume":0.05},{"name":"liquid\/swim11","volume":0.05},{"name":"liquid\/swim12","volume":0.05},{"name":"liquid\/swim13","volume":0.05},{"name":"liquid\/swim14","volume":0.05},{"name":"liquid\/swim15","volume":0.05},{"name":"liquid\/swim16","volume":0.05},{"name":"liquid\/swim17","volume":0.05},{"name":"liquid\/swim18","volume":0.05}],"replace":true,"subtitle":"subtitles.entity.generic.swim"}}